market,trade_date,timezone,is_open,market_open_local,market_close_local,market_open_utc,market_close_utc,is_half_day,session_tag,source,generated_at_utc
CN,2027-01-04,Asia/Shanghai,1,2027-01-04T09:30:00+08:00,2027-01-04T15:00:00+08:00,2027-01-04T01:30:00+00:00,2027-01-04T07:00:00+00:00,1,,pandas_market_calendars:SSE,2026-03-04T05:31:06+00:00
CN,2027-01-05,Asia/Shanghai,1,2027-01-05T09:30:00+08:00,2027-01-05T15:00:00+08:00,2027-01-05T01:30:00+00:00,2027-01-05T07:00:00+00:00,1,,pandas_market_calendars:SSE,2026-03-04T05:31:06+00:00
CN,2027-01-06,Asia/Shanghai,1,2027-01-06T09:30:00+08:00,2027-01-06T15:00:00+08:00,2027-01-06T01:30:00+00:00,2027-01-06T07:00:00+00:00,1,,pandas_market_calendars:SSE,2026-03-04T05:31:06+00:00
CN,2027-01-07,Asia/Shanghai,1,2027-01-07T09:30:00+08:00,2027-01-07T15:00:00+08:00,2027-01-07T01:30:00+00:00,2027-01-07T07:00:00+00:00,1,,pandas_market_calendars:SSE,2026-03-04T05:31:06+00:00
CN,2027-01-08,Asia/Shanghai,1,2027-01-08T09:30:00+08:00,2027-01-08T15:00:00+08:00,2027-01-08T01:30:00+00:00,2027-01-08T07:00:00+00:00,1,,pandas_market_calendars:SSE,2026-03-04T05:31:06+00:00
CN,2027-01-11,Asia/Shanghai,1,2027-01-11T09:30:00+08:00,2027-01-11T15:00:00+08:00,2027-01-11T01:30:00+00:00,2027-01-11T07:00:00+00:00,1,,pandas_market_calendars:SSE,2026-03-04T05:31:06+00:00
CN,2027-01-12,Asia/Shanghai,1,2027-01-12T09:30:00+08:00,2027-01-12T15:00:00+08:00,2027-01-12T01:30:00+00:00,2027-01-12T07:00:00+00:00,1,,pandas_market_calendars:SSE,2026-03-04T05:31:06+00:00
CN,2027-01-13,Asia/Shanghai,1,2027-01-13T09:30:00+08:00,2027-01-13T15:00:00+08:00,2027-01-13T01:30:00+00:00,2027-01-13T07:00:00+00:00,1,,pandas_market_calendars:SSE,2026-03-04T05:31:06+00:00
CN,2027-01-14,Asia/Shanghai,1,2027-01-14T09:30:00+08:00,2027-01-14T15:00:00+08:00,2027-01-14T01:30:00+00:00,2027-01-14T07:00:00+00:00,1,,pandas_market_calendars:SSE,2026-03-04T05:31:06+00:00
CN,2027-01-15,Asia/Shanghai,1,2027-01-15T09:30:00+08:00,2027-01-15T15:00:00+08:00,2027-01-15T01:30:00+00:00,2027-01-15T07:00:00+00:00,1,,pandas_market_calendars:SSE,2026-03-04T05:31:06+00:00
CN,2027-01-18,Asia/Shanghai,1,2027-01-18T09:30:00+08:00,2027-01-18T15:00:00+08:00,2027-01-18T01:30:00+00:00,2027-01-18T07:00:00+00:00,1,,pandas_market_calendars:SSE,2026-03-04T05:31:06+00:00
CN,2027-01-19,Asia/Shanghai,1,2027-01-19T09:30:00+08:00,2027-01-19T15:00:00+08:00,2027-01-19T01:30:00+00:00,2027-01-19T07:00:00+00:00,1,,pandas_market_calendars:SSE,2026-03-04T05:31:06+00:00
CN,2027-01-20,Asia/Shanghai,1,2027-01-20T09:30:00+08:00,2027-01-20T15:00:00+08:00,2027-01-20T01:30:00+00:00,2027-01-20T07:00:00+00:00,1,,pandas_market_calendars:SSE,2026-03-04T05:31:06+00:00
CN,2027-01-21,Asia/Shanghai,1,2027-01-21T09:30:00+08:00,2027-01-21T15:00:00+08:00,2027-01-21T01:30:00+00:00,2027-01-21T07:00:00+00:00,1,,pandas_market_calendars:SSE,2026-03-04T05:31:06+00:00
CN,2027-01-22,Asia/Shanghai,1,2027-01-22T09:30:00+08:00,2027-01-22T15:00:00+08:00,2027-01-22T01:30:00+00:00,2027-01-22T07:00:00+00:00,1,,pandas_market_calendars:SSE,2026-03-04T05:31:06+00:00
CN,2027-01-25,Asia/Shanghai,1,2027-01-25T09:30:00+08:00,2027-01-25T15:00:00+08:00,2027-01-25T01:30:00+00:00,2027-01-25T07:00:00+00:00,1,,pandas_market_calendars:SSE,2026-03-04T05:31:06+00:00
CN,2027-01-26,Asia/Shanghai,1,2027-01-26T09:30:00+08:00,2027-01-26T15:00:00+08:00,2027-01-26T01:30:00+00:00,2027-01-26T07:00:00+00:00,1,,pandas_market_calendars:SSE,2026-03-04T05:31:06+00:00
CN,2027-01-27,Asia/Shanghai,1,2027-01-27T09:30:00+08:00,2027-01-27T15:00:00+08:00,2027-01-27T01:30:00+00:00,2027-01-27T07:00:00+00:00,1,,pandas_market_calendars:SSE,2026-03-04T05:31:06+00:00
CN,2027-01-28,Asia/Shanghai,1,2027-01-28T09:30:00+08:00,2027-01-28T15:00:00+08:00,2027-01-28T01:30:00+00:00,2027-01-28T07:00:00+00:00,1,,pandas_market_calendars:SSE,2026-03-04T05:31:06+00:00
CN,2027-01-29,Asia/Shanghai,1,2027-01-29T09:30:00+08:00,2027-01-29T15:00:00+08:00,2027-01-29T01:30:00+00:00,2027-01-29T07:00:00+00:00,1,,pandas_market_calendars:SSE,2026-03-04T05:31:06+00:00
CN,2027-02-01,Asia/Shanghai,1,2027-02-01T09:30:00+08:00,2027-02-01T15:00:00+08:00,2027-02-01T01:30:00+00:00,2027-02-01T07:00:00+00:00,1,,pandas_market_calendars:SSE,2026-03-04T05:31:06+00:00
CN,2027-02-02,Asia/Shanghai,1,2027-02-02T09:30:00+08:00,2027-02-02T15:00:00+08:00,2027-02-02T01:30:00+00:00,2027-02-02T07:00:00+00:00,1,,pandas_market_calendars:SSE,2026-03-04T05:31:06+00:00
CN,2027-02-03,Asia/Shanghai,1,2027-02-03T09:30:00+08:00,2027-02-03T15:00:00+08:00,2027-02-03T01:30:00+00:00,2027-02-03T07:00:00+00:00,1,,pandas_market_calendars:SSE,2026-03-04T05:31:06+00:00
CN,2027-02-04,Asia/Shanghai,1,2027-02-04T09:30:00+08:00,2027-02-04T15:00:00+08:00,2027-02-04T01:30:00+00:00,2027-02-04T07:00:00+00:00,1,,pandas_market_calendars:SSE,2026-03-04T05:31:06+00:00
CN,2027-02-12,Asia/Shanghai,1,2027-02-12T09:30:00+08:00,2027-02-12T15:00:00+08:00,2027-02-12T01:30:00+00:00,2027-02-12T07:00:00+00:00,1,,pandas_market_calendars:SSE,2026-03-04T05:31:06+00:00
CN,2027-02-15,Asia/Shanghai,1,2027-02-15T09:30:00+08:00,2027-02-15T15:00:00+08:00,2027-02-15T01:30:00+00:00,2027-02-15T07:00:00+00:00,1,,pandas_market_calendars:SSE,2026-03-04T05:31:06+00:00
CN,2027-02-16,Asia/Shanghai,1,2027-02-16T09:30:00+08:00,2027-02-16T15:00:00+08:00,2027-02-16T01:30:00+00:00,2027-02-16T07:00:00+00:00,1,,pandas_market_calendars:SSE,2026-03-04T05:31:06+00:00
CN,2027-02-17,Asia/Shanghai,1,2027-02-17T09:30:00+08:00,2027-02-17T15:00:00+08:00,2027-02-17T01:30:00+00:00,2027-02-17T07:00:00+00:00,1,,pandas_market_calendars:SSE,2026-03-04T05:31:06+00:00
CN,2027-02-18,Asia/Shanghai,1,2027-02-18T09:30:00+08:00,2027-02-18T15:00:00+08:00,2027-02-18T01:30:00+00:00,2027-02-18T07:00:00+00:00,1,,pandas_market_calendars:SSE,2026-03-04T05:31:06+00:00
CN,2027-02-19,Asia/Shanghai,1,2027-02-19T09:30:00+08:00,2027-02-19T15:00:00+08:00,2027-02-19T01:30:00+00:00,2027-02-19T07:00:00+00:00,1,,pandas_market_calendars:SSE,2026-03-04T05:31:06+00:00
CN,2027-02-22,Asia/Shanghai,1,2027-02-22T09:30:00+08:00,2027-02-22T15:00:00+08:00,2027-02-22T01:30:00+00:00,2027-02-22T07:00:00+00:00,1,,pandas_market_calendars:SSE,2026-03-04T05:31:06+00:00
CN,2027-02-23,Asia/Shanghai,1,2027-02-23T09:30:00+08:00,2027-02-23T15:00:00+08:00,2027-02-23T01:30:00+00:00,2027-02-23T07:00:00+00:00,1,,pandas_market_calendars:SSE,2026-03-04T05:31:06+00:00
CN,2027-02-24,Asia/Shanghai,1,2027-02-24T09:30:00+08:00,2027-02-24T15:00:00+08:00,2027-02-24T01:30:00+00:00,2027-02-24T07:00:00+00:00,1,,pandas_market_calendars:SSE,2026-03-04T05:31:06+00:00
CN,2027-02-25,Asia/Shanghai,1,2027-02-25T09:30:00+08:00,2027-02-25T15:00:00+08:00,2027-02-25T01:30:00+00:00,2027-02-25T07:00:00+00:00,1,,pandas_market_calendars:SSE,2026-03-04T05:31:06+00:00
CN,2027-02-26,Asia/Shanghai,1,2027-02-26T09:30:00+08:00,2027-02-26T15:00:00+08:00,2027-02-26T01:30:00+00:00,2027-02-26T07:00:00+00:00,1,,pandas_market_calendars:SSE,2026-03-04T05:31:06+00:00
CN,2027-03-01,Asia/Shanghai,1,2027-03-01T09:30:00+08:00,2027-03-01T15:00:00+08:00,2027-03-01T01:30:00+00:00,2027-03-01T07:00:00+00:00,1,,pandas_market_calendars:SSE,2026-03-04T05:31:06+00:00
CN,2027-03-02,Asia/Shanghai,1,2027-03-02T09:30:00+08:00,2027-03-02T15:00:00+08:00,2027-03-02T01:30:00+00:00,2027-03-02T07:00:00+00:00,1,,pandas_market_calendars:SSE,2026-03-04T05:31:06+00:00
CN,2027-03-03,Asia/Shanghai,1,2027-03-03T09:30:00+08:00,2027-03-03T15:00:00+08:00,2027-03-03T01:30:00+00:00,2027-03-03T07:00:00+00:00,1,,pandas_market_calendars:SSE,2026-03-04T05:31:06+00:00
CN,2027-03-04,Asia/Shanghai,1,2027-03-04T09:30:00+08:00,2027-03-04T15:00:00+08:00,2027-03-04T01:30:00+00:00,2027-03-04T07:00:00+00:00,1,,pandas_market_calendars:SSE,2026-03-04T05:31:06+00:00
CN,2027-03-05,Asia/Shanghai,1,2027-03-05T09:30:00+08:00,2027-03-05T15:00:00+08:00,2027-03-05T01:30:00+00:00,2027-03-05T07:00:00+00:00,1,,pandas_market_calendars:SSE,2026-03-04T05:31:06+00:00
CN,2027-03-08,Asia/Shanghai,1,2027-03-08T09:30:00+08:00,2027-03-08T15:00:00+08:00,2027-03-08T01:30:00+00:00,2027-03-08T07:00:00+00:00,1,,pandas_market_calendars:SSE,2026-03-04T05:31:06+00:00
CN,2027-03-09,Asia/Shanghai,1,2027-03-09T09:30:00+08:00,2027-03-09T15:00:00+08:00,2027-03-09T01:30:00+00:00,2027-03-09T07:00:00+00:00,1,,pandas_market_calendars:SSE,2026-03-04T05:31:06+00:00
CN,2027-03-10,Asia/Shanghai,1,2027-03-10T09:30:00+08:00,2027-03-10T15:00:00+08:00,2027-03-10T01:30:00+00:00,2027-03-10T07:00:00+00:00,1,,pandas_market_calendars:SSE,2026-03-04T05:31:06+00:00
CN,2027-03-11,Asia/Shanghai,1,2027-03-11T09:30:00+08:00,2027-03-11T15:00:00+08:00,2027-03-11T01:30:00+00:00,2027-03-11T07:00:00+00:00,1,,pandas_market_calendars:SSE,2026-03-04T05:31:06+00:00
CN,2027-03-12,Asia/Shanghai,1,2027-03-12T09:30:00+08:00,2027-03-12T15:00:00+08:00,2027-03-12T01:30:00+00:00,2027-03-12T07:00:00+00:00,1,,pandas_market_calendars:SSE,2026-03-04T05:31:06+00:00
CN,2027-03-15,Asia/Shanghai,1,2027-03-15T09:30:00+08:00,2027-03-15T15:00:00+08:00,2027-03-15T01:30:00+00:00,2027-03-15T07:00:00+00:00,1,,pandas_market_calendars:SSE,2026-03-04T05:31:06+00:00
CN,2027-03-16,Asia/Shanghai,1,2027-03-16T09:30:00+08:00,2027-03-16T15:00:00+08:00,2027-03-16T01:30:00+00:00,2027-03-16T07:00:00+00:00,1,,pandas_market_calendars:SSE,2026-03-04T05:31:06+00:00
CN,2027-03-17,Asia/Shanghai,1,2027-03-17T09:30:00+08:00,2027-03-17T15:00:00+08:00,2027-03-17T01:30:00+00:00,2027-03-17T07:00:00+00:00,1,,pandas_market_calendars:SSE,2026-03-04T05:31:06+00:00
CN,2027-03-18,Asia/Shanghai,1,2027-03-18T09:30:00+08:00,2027-03-18T15:00:00+08:00,2027-03-18T01:30:00+00:00,2027-03-18T07:00:00+00:00,1,,pandas_market_calendars:SSE,2026-03-04T05:31:06+00:00
CN,2027-03-19,Asia/Shanghai,1,2027-03-19T09:30:00+08:00,2027-03-19T15:00:00+08:00,2027-03-19T01:30:00+00:00,2027-03-19T07:00:00+00:00,1,,pandas_market_calendars:SSE,2026-03-04T05:31:06+00:00
CN,2027-03-22,Asia/Shanghai,1,2027-03-22T09:30:00+08:00,2027-03-22T15:00:00+08:00,2027-03-22T01:30:00+00:00,2027-03-22T07:00:00+00:00,1,,pandas_market_calendars:SSE,2026-03-04T05:31:06+00:00
CN,2027-03-23,Asia/Shanghai,1,2027-03-23T09:30:00+08:00,2027-03-23T15:00:00+08:00,2027-03-23T01:30:00+00:00,2027-03-23T07:00:00+00:00,1,,pandas_market_calendars:SSE,2026-03-04T05:31:06+00:00
CN,2027-03-24,Asia/Shanghai,1,2027-03-24T09:30:00+08:00,2027-03-24T15:00:00+08:00,2027-03-24T01:30:00+00:00,2027-03-24T07:00:00+00:00,1,,pandas_market_calendars:SSE,2026-03-04T05:31:06+00:00
CN,2027-03-25,Asia/Shanghai,1,2027-03-25T09:30:00+08:00,2027-03-25T15:00:00+08:00,2027-03-25T01:30:00+00:00,2027-03-25T07:00:00+00:00,1,,pandas_market_calendars:SSE,2026-03-04T05:31:06+00:00
CN,2027-03-26,Asia/Shanghai,1,2027-03-26T09:30:00+08:00,2027-03-26T15:00:00+08:00,2027-03-26T01:30:00+00:00,2027-03-26T07:00:00+00:00,1,,pandas_market_calendars:SSE,2026-03-04T05:31:06+00:00
CN,2027-03-29,Asia/Shanghai,1,2027-03-29T09:30:00+08:00,2027-03-29T15:00:00+08:00,2027-03-29T01:30:00+00:00,2027-03-29T07:00:00+00:00,1,,pandas_market_calendars:SSE,2026-03-04T05:31:06+00:00
CN,2027-03-30,Asia/Shanghai,1,2027-03-30T09:30:00+08:00,2027-03-30T15:00:00+08:00,2027-03-30T01:30:00+00:00,2027-03-30T07:00:00+00:00,1,,pandas_market_calendars:SSE,2026-03-04T05:31:06+00:00
CN,2027-03-31,Asia/Shanghai,1,2027-03-31T09:30:00+08:00,2027-03-31T15:00:00+08:00,2027-03-31T01:30:00+00:00,2027-03-31T07:00:00+00:00,1,,pandas_market_calendars:SSE,2026-03-04T05:31:06+00:00
CN,2027-04-01,Asia/Shanghai,1,2027-04-01T09:30:00+08:00,2027-04-01T15:00:00+08:00,2027-04-01T01:30:00+00:00,2027-04-01T07:00:00+00:00,1,,pandas_market_calendars:SSE,2026-03-04T05:31:06+00:00
CN,2027-04-02,Asia/Shanghai,1,2027-04-02T09:30:00+08:00,2027-04-02T15:00:00+08:00,2027-04-02T01:30:00+00:00,2027-04-02T07:00:00+00:00,1,,pandas_market_calendars:SSE,2026-03-04T05:31:06+00:00
CN,2027-04-06,Asia/Shanghai,1,2027-04-06T09:30:00+08:00,2027-04-06T15:00:00+08:00,2027-04-06T01:30:00+00:00,2027-04-06T07:00:00+00:00,1,,pandas_market_calendars:SSE,2026-03-04T05:31:06+00:00
CN,2027-04-07,Asia/Shanghai,1,2027-04-07T09:30:00+08:00,2027-04-07T15:00:00+08:00,2027-04-07T01:30:00+00:00,2027-04-07T07:00:00+00:00,1,,pandas_market_calendars:SSE,2026-03-04T05:31:06+00:00
CN,2027-04-08,Asia/Shanghai,1,2027-04-08T09:30:00+08:00,2027-04-08T15:00:00+08:00,2027-04-08T01:30:00+00:00,2027-04-08T07:00:00+00:00,1,,pandas_market_calendars:SSE,2026-03-04T05:31:06+00:00
CN,2027-04-09,Asia/Shanghai,1,2027-04-09T09:30:00+08:00,2027-04-09T15:00:00+08:00,2027-04-09T01:30:00+00:00,2027-04-09T07:00:00+00:00,1,,pandas_market_calendars:SSE,2026-03-04T05:31:06+00:00
CN,2027-04-12,Asia/Shanghai,1,2027-04-12T09:30:00+08:00,2027-04-12T15:00:00+08:00,2027-04-12T01:30:00+00:00,2027-04-12T07:00:00+00:00,1,,pandas_market_calendars:SSE,2026-03-04T05:31:06+00:00
CN,2027-04-13,Asia/Shanghai,1,2027-04-13T09:30:00+08:00,2027-04-13T15:00:00+08:00,2027-04-13T01:30:00+00:00,2027-04-13T07:00:00+00:00,1,,pandas_market_calendars:SSE,2026-03-04T05:31:06+00:00
CN,2027-04-14,Asia/Shanghai,1,2027-04-14T09:30:00+08:00,2027-04-14T15:00:00+08:00,2027-04-14T01:30:00+00:00,2027-04-14T07:00:00+00:00,1,,pandas_market_calendars:SSE,2026-03-04T05:31:06+00:00
CN,2027-04-15,Asia/Shanghai,1,2027-04-15T09:30:00+08:00,2027-04-15T15:00:00+08:00,2027-04-15T01:30:00+00:00,2027-04-15T07:00:00+00:00,1,,pandas_market_calendars:SSE,2026-03-04T05:31:06+00:00
CN,2027-04-16,Asia/Shanghai,1,2027-04-16T09:30:00+08:00,2027-04-16T15:00:00+08:00,2027-04-16T01:30:00+00:00,2027-04-16T07:00:00+00:00,1,,pandas_market_calendars:SSE,2026-03-04T05:31:06+00:00
CN,2027-04-19,Asia/Shanghai,1,2027-04-19T09:30:00+08:00,2027-04-19T15:00:00+08:00,2027-04-19T01:30:00+00:00,2027-04-19T07:00:00+00:00,1,,pandas_market_calendars:SSE,2026-03-04T05:31:06+00:00
CN,2027-04-20,Asia/Shanghai,1,2027-04-20T09:30:00+08:00,2027-04-20T15:00:00+08:00,2027-04-20T01:30:00+00:00,2027-04-20T07:00:00+00:00,1,,pandas_market_calendars:SSE,2026-03-04T05:31:06+00:00
CN,2027-04-21,Asia/Shanghai,1,2027-04-21T09:30:00+08:00,2027-04-21T15:00:00+08:00,2027-04-21T01:30:00+00:00,2027-04-21T07:00:00+00:00,1,,pandas_market_calendars:SSE,2026-03-04T05:31:06+00:00
CN,2027-04-22,Asia/Shanghai,1,2027-04-22T09:30:00+08:00,2027-04-22T15:00:00+08:00,2027-04-22T01:30:00+00:00,2027-04-22T07:00:00+00:00,1,,pandas_market_calendars:SSE,2026-03-04T05:31:06+00:00
CN,2027-04-23,Asia/Shanghai,1,2027-04-23T09:30:00+08:00,2027-04-23T15:00:00+08:00,2027-04-23T01:30:00+00:00,2027-04-23T07:00:00+00:00,1,,pandas_market_calendars:SSE,2026-03-04T05:31:06+00:00
CN,2027-04-26,Asia/Shanghai,1,2027-04-26T09:30:00+08:00,2027-04-26T15:00:00+08:00,2027-04-26T01:30:00+00:00,2027-04-26T07:00:00+00:00,1,,pandas_market_calendars:SSE,2026-03-04T05:31:06+00:00
CN,2027-04-27,Asia/Shanghai,1,2027-04-27T09:30:00+08:00,2027-04-27T15:00:00+08:00,2027-04-27T01:30:00+00:00,2027-04-27T07:00:00+00:00,1,,pandas_market_calendars:SSE,2026-03-04T05:31:06+00:00
CN,2027-04-28,Asia/Shanghai,1,2027-04-28T09:30:00+08:00,2027-04-28T15:00:00+08:00,2027-04-28T01:30:00+00:00,2027-04-28T07:00:00+00:00,1,,pandas_market_calendars:SSE,2026-03-04T05:31:06+00:00
CN,2027-04-29,Asia/Shanghai,1,2027-04-29T09:30:00+08:00,2027-04-29T15:00:00+08:00,2027-04-29T01:30:00+00:00,2027-04-29T07:00:00+00:00,1,,pandas_market_calendars:SSE,2026-03-04T05:31:06+00:00
CN,2027-04-30,Asia/Shanghai,1,2027-04-30T09:30:00+08:00,2027-04-30T15:00:00+08:00,2027-04-30T01:30:00+00:00,2027-04-30T07:00:00+00:00,1,,pandas_market_calendars:SSE,2026-03-04T05:31:06+00:00
CN,2027-05-04,Asia/Shanghai,1,2027-05-04T09:30:00+08:00,2027-05-04T15:00:00+08:00,2027-05-04T01:30:00+00:00,2027-05-04T07:00:00+00:00,1,,pandas_market_calendars:SSE,2026-03-04T05:31:06+00:00
CN,2027-05-05,Asia/Shanghai,1,2027-05-05T09:30:00+08:00,2027-05-05T15:00:00+08:00,2027-05-05T01:30:00+00:00,2027-05-05T07:00:00+00:00,1,,pandas_market_calendars:SSE,2026-03-04T05:31:06+00:00
CN,2027-05-06,Asia/Shanghai,1,2027-05-06T09:30:00+08:00,2027-05-06T15:00:00+08:00,2027-05-06T01:30:00+00:00,2027-05-06T07:00:00+00:00,1,,pandas_market_calendars:SSE,2026-03-04T05:31:06+00:00
CN,2027-05-07,Asia/Shanghai,1,2027-05-07T09:30:00+08:00,2027-05-07T15:00:00+08:00,2027-05-07T01:30:00+00:00,2027-05-07T07:00:00+00:00,1,,pandas_market_calendars:SSE,2026-03-04T05:31:06+00:00
CN,2027-05-10,Asia/Shanghai,1,2027-05-10T09:30:00+08:00,2027-05-10T15:00:00+08:00,2027-05-10T01:30:00+00:00,2027-05-10T07:00:00+00:00,1,,pandas_market_calendars:SSE,2026-03-04T05:31:06+00:00
CN,2027-05-11,Asia/Shanghai,1,2027-05-11T09:30:00+08:00,2027-05-11T15:00:00+08:00,2027-05-11T01:30:00+00:00,2027-05-11T07:00:00+00:00,1,,pandas_market_calendars:SSE,2026-03-04T05:31:06+00:00
CN,2027-05-12,Asia/Shanghai,1,2027-05-12T09:30:00+08:00,2027-05-12T15:00:00+08:00,2027-05-12T01:30:00+00:00,2027-05-12T07:00:00+00:00,1,,pandas_market_calendars:SSE,2026-03-04T05:31:06+00:00
CN,2027-05-13,Asia/Shanghai,1,2027-05-13T09:30:00+08:00,2027-05-13T15:00:00+08:00,2027-05-13T01:30:00+00:00,2027-05-13T07:00:00+00:00,1,,pandas_market_calendars:SSE,2026-03-04T05:31:06+00:00
CN,2027-05-14,Asia/Shanghai,1,2027-05-14T09:30:00+08:00,2027-05-14T15:00:00+08:00,2027-05-14T01:30:00+00:00,2027-05-14T07:00:00+00:00,1,,pandas_market_calendars:SSE,2026-03-04T05:31:06+00:00
CN,2027-05-17,Asia/Shanghai,1,2027-05-17T09:30:00+08:00,2027-05-17T15:00:00+08:00,2027-05-17T01:30:00+00:00,2027-05-17T07:00:00+00:00,1,,pandas_market_calendars:SSE,2026-03-04T05:31:06+00:00
CN,2027-05-18,Asia/Shanghai,1,2027-05-18T09:30:00+08:00,2027-05-18T15:00:00+08:00,2027-05-18T01:30:00+00:00,2027-05-18T07:00:00+00:00,1,,pandas_market_calendars:SSE,2026-03-04T05:31:06+00:00
CN,2027-05-19,Asia/Shanghai,1,2027-05-19T09:30:00+08:00,2027-05-19T15:00:00+08:00,2027-05-19T01:30:00+00:00,2027-05-19T07:00:00+00:00,1,,pandas_market_calendars:SSE,2026-03-04T05:31:06+00:00
CN,2027-05-20,Asia/Shanghai,1,2027-05-20T09:30:00+08:00,2027-05-20T15:00:00+08:00,2027-05-20T01:30:00+00:00,2027-05-20T07:00:00+00:00,1,,pandas_market_calendars:SSE,2026-03-04T05:31:06+00:00
CN,2027-05-21,Asia/Shanghai,1,2027-05-21T09:30:00+08:00,2027-05-21T15:00:00+08:00,2027-05-21T01:30:00+00:00,2027-05-21T07:00:00+00:00,1,,pandas_market_calendars:SSE,2026-03-04T05:31:06+00:00
CN,2027-05-24,Asia/Shanghai,1,2027-05-24T09:30:00+08:00,2027-05-24T15:00:00+08:00,2027-05-24T01:30:00+00:00,2027-05-24T07:00:00+00:00,1,,pandas_market_calendars:SSE,2026-03-04T05:31:06+00:00
CN,2027-05-25,Asia/Shanghai,1,2027-05-25T09:30:00+08:00,2027-05-25T15:00:00+08:00,2027-05-25T01:30:00+00:00,2027-05-25T07:00:00+00:00,1,,pandas_market_calendars:SSE,2026-03-04T05:31:06+00:00
CN,2027-05-26,Asia/Shanghai,1,2027-05-26T09:30:00+08:00,2027-05-26T15:00:00+08:00,2027-05-26T01:30:00+00:00,2027-05-26T07:00:00+00:00,1,,pandas_market_calendars:SSE,2026-03-04T05:31:06+00:00
CN,2027-05-27,Asia/Shanghai,1,2027-05-27T09:30:00+08:00,2027-05-27T15:00:00+08:00,2027-05-27T01:30:00+00:00,2027-05-27T07:00:00+00:00,1,,pandas_market_calendars:SSE,2026-03-04T05:31:06+00:00
CN,2027-05-28,Asia/Shanghai,1,2027-05-28T09:30:00+08:00,2027-05-28T15:00:00+08:00,2027-05-28T01:30:00+00:00,2027-05-28T07:00:00+00:00,1,,pandas_market_calendars:SSE,2026-03-04T05:31:06+00:00
CN,2027-05-31,Asia/Shanghai,1,2027-05-31T09:30:00+08:00,2027-05-31T15:00:00+08:00,2027-05-31T01:30:00+00:00,2027-05-31T07:00:00+00:00,1,,pandas_market_calendars:SSE,2026-03-04T05:31:06+00:00
CN,2027-06-01,Asia/Shanghai,1,2027-06-01T09:30:00+08:00,2027-06-01T15:00:00+08:00,2027-06-01T01:30:00+00:00,2027-06-01T07:00:00+00:00,1,,pandas_market_calendars:SSE,2026-03-04T05:31:06+00:00
CN,2027-06-02,Asia/Shanghai,1,2027-06-02T09:30:00+08:00,2027-06-02T15:00:00+08:00,2027-06-02T01:30:00+00:00,2027-06-02T07:00:00+00:00,1,,pandas_market_calendars:SSE,2026-03-04T05:31:06+00:00
CN,2027-06-03,Asia/Shanghai,1,2027-06-03T09:30:00+08:00,2027-06-03T15:00:00+08:00,2027-06-03T01:30:00+00:00,2027-06-03T07:00:00+00:00,1,,pandas_market_calendars:SSE,2026-03-04T05:31:06+00:00
CN,2027-06-04,Asia/Shanghai,1,2027-06-04T09:30:00+08:00,2027-06-04T15:00:00+08:00,2027-06-04T01:30:00+00:00,2027-06-04T07:00:00+00:00,1,,pandas_market_calendars:SSE,2026-03-04T05:31:06+00:00
CN,2027-06-07,Asia/Shanghai,1,2027-06-07T09:30:00+08:00,2027-06-07T15:00:00+08:00,2027-06-07T01:30:00+00:00,2027-06-07T07:00:00+00:00,1,,pandas_market_calendars:SSE,2026-03-04T05:31:06+00:00
CN,2027-06-08,Asia/Shanghai,1,2027-06-08T09:30:00+08:00,2027-06-08T15:00:00+08:00,2027-06-08T01:30:00+00:00,2027-06-08T07:00:00+00:00,1,,pandas_market_calendars:SSE,2026-03-04T05:31:06+00:00
CN,2027-06-10,Asia/Shanghai,1,2027-06-10T09:30:00+08:00,2027-06-10T15:00:00+08:00,2027-06-10T01:30:00+00:00,2027-06-10T07:00:00+00:00,1,,pandas_market_calendars:SSE,2026-03-04T05:31:06+00:00
CN,2027-06-11,Asia/Shanghai,1,2027-06-11T09:30:00+08:00,2027-06-11T15:00:00+08:00,2027-06-11T01:30:00+00:00,2027-06-11T07:00:00+00:00,1,,pandas_market_calendars:SSE,2026-03-04T05:31:06+00:00
CN,2027-06-14,Asia/Shanghai,1,2027-06-14T09:30:00+08:00,2027-06-14T15:00:00+08:00,2027-06-14T01:30:00+00:00,2027-06-14T07:00:00+00:00,1,,pandas_market_calendars:SSE,2026-03-04T05:31:06+00:00
CN,2027-06-15,Asia/Shanghai,1,2027-06-15T09:30:00+08:00,2027-06-15T15:00:00+08:00,2027-06-15T01:30:00+00:00,2027-06-15T07:00:00+00:00,1,,pandas_market_calendars:SSE,2026-03-04T05:31:06+00:00
CN,2027-06-16,Asia/Shanghai,1,2027-06-16T09:30:00+08:00,2027-06-16T15:00:00+08:00,2027-06-16T01:30:00+00:00,2027-06-16T07:00:00+00:00,1,,pandas_market_calendars:SSE,2026-03-04T05:31:06+00:00
CN,2027-06-17,Asia/Shanghai,1,2027-06-17T09:30:00+08:00,2027-06-17T15:00:00+08:00,2027-06-17T01:30:00+00:00,2027-06-17T07:00:00+00:00,1,,pandas_market_calendars:SSE,2026-03-04T05:31:06+00:00
CN,2027-06-18,Asia/Shanghai,1,2027-06-18T09:30:00+08:00,2027-06-18T15:00:00+08:00,2027-06-18T01:30:00+00:00,2027-06-18T07:00:00+00:00,1,,pandas_market_calendars:SSE,2026-03-04T05:31:06+00:00
CN,2027-06-21,Asia/Shanghai,1,2027-06-21T09:30:00+08:00,2027-06-21T15:00:00+08:00,2027-06-21T01:30:00+00:00,2027-06-21T07:00:00+00:00,1,,pandas_market_calendars:SSE,2026-03-04T05:31:06+00:00
CN,2027-06-22,Asia/Shanghai,1,2027-06-22T09:30:00+08:00,2027-06-22T15:00:00+08:00,2027-06-22T01:30:00+00:00,2027-06-22T07:00:00+00:00,1,,pandas_market_calendars:SSE,2026-03-04T05:31:06+00:00
CN,2027-06-23,Asia/Shanghai,1,2027-06-23T09:30:00+08:00,2027-06-23T15:00:00+08:00,2027-06-23T01:30:00+00:00,2027-06-23T07:00:00+00:00,1,,pandas_market_calendars:SSE,2026-03-04T05:31:06+00:00
CN,2027-06-24,Asia/Shanghai,1,2027-06-24T09:30:00+08:00,2027-06-24T15:00:00+08:00,2027-06-24T01:30:00+00:00,2027-06-24T07:00:00+00:00,1,,pandas_market_calendars:SSE,2026-03-04T05:31:06+00:00
CN,2027-06-25,Asia/Shanghai,1,2027-06-25T09:30:00+08:00,2027-06-25T15:00:00+08:00,2027-06-25T01:30:00+00:00,2027-06-25T07:00:00+00:00,1,,pandas_market_calendars:SSE,2026-03-04T05:31:06+00:00
CN,2027-06-28,Asia/Shanghai,1,2027-06-28T09:30:00+08:00,2027-06-28T15:00:00+08:00,2027-06-28T01:30:00+00:00,2027-06-28T07:00:00+00:00,1,,pandas_market_calendars:SSE,2026-03-04T05:31:06+00:00
CN,2027-06-29,Asia/Shanghai,1,2027-06-29T09:30:00+08:00,2027-06-29T15:00:00+08:00,2027-06-29T01:30:00+00:00,2027-06-29T07:00:00+00:00,1,,pandas_market_calendars:SSE,2026-03-04T05:31:06+00:00
CN,2027-06-30,Asia/Shanghai,1,2027-06-30T09:30:00+08:00,2027-06-30T15:00:00+08:00,2027-06-30T01:30:00+00:00,2027-06-30T07:00:00+00:00,1,,pandas_market_calendars:SSE,2026-03-04T05:31:06+00:00
CN,2027-07-01,Asia/Shanghai,1,2027-07-01T09:30:00+08:00,2027-07-01T15:00:00+08:00,2027-07-01T01:30:00+00:00,2027-07-01T07:00:00+00:00,1,,pandas_market_calendars:SSE,2026-03-04T05:31:06+00:00
CN,2027-07-02,Asia/Shanghai,1,2027-07-02T09:30:00+08:00,2027-07-02T15:00:00+08:00,2027-07-02T01:30:00+00:00,2027-07-02T07:00:00+00:00,1,,pandas_market_calendars:SSE,2026-03-04T05:31:06+00:00
CN,2027-07-05,Asia/Shanghai,1,2027-07-05T09:30:00+08:00,2027-07-05T15:00:00+08:00,2027-07-05T01:30:00+00:00,2027-07-05T07:00:00+00:00,1,,pandas_market_calendars:SSE,2026-03-04T05:31:06+00:00
CN,2027-07-06,Asia/Shanghai,1,2027-07-06T09:30:00+08:00,2027-07-06T15:00:00+08:00,2027-07-06T01:30:00+00:00,2027-07-06T07:00:00+00:00,1,,pandas_market_calendars:SSE,2026-03-04T05:31:06+00:00
CN,2027-07-07,Asia/Shanghai,1,2027-07-07T09:30:00+08:00,2027-07-07T15:00:00+08:00,2027-07-07T01:30:00+00:00,2027-07-07T07:00:00+00:00,1,,pandas_market_calendars:SSE,2026-03-04T05:31:06+00:00
CN,2027-07-08,Asia/Shanghai,1,2027-07-08T09:30:00+08:00,2027-07-08T15:00:00+08:00,2027-07-08T01:30:00+00:00,2027-07-08T07:00:00+00:00,1,,pandas_market_calendars:SSE,2026-03-04T05:31:06+00:00
CN,2027-07-09,Asia/Shanghai,1,2027-07-09T09:30:00+08:00,2027-07-09T15:00:00+08:00,2027-07-09T01:30:00+00:00,2027-07-09T07:00:00+00:00,1,,pandas_market_calendars:SSE,2026-03-04T05:31:06+00:00
CN,2027-07-12,Asia/Shanghai,1,2027-07-12T09:30:00+08:00,2027-07-12T15:00:00+08:00,2027-07-12T01:30:00+00:00,2027-07-12T07:00:00+00:00,1,,pandas_market_calendars:SSE,2026-03-04T05:31:06+00:00
CN,2027-07-13,Asia/Shanghai,1,2027-07-13T09:30:00+08:00,2027-07-13T15:00:00+08:00,2027-07-13T01:30:00+00:00,2027-07-13T07:00:00+00:00,1,,pandas_market_calendars:SSE,2026-03-04T05:31:06+00:00
CN,2027-07-14,Asia/Shanghai,1,2027-07-14T09:30:00+08:00,2027-07-14T15:00:00+08:00,2027-07-14T01:30:00+00:00,2027-07-14T07:00:00+00:00,1,,pandas_market_calendars:SSE,2026-03-04T05:31:06+00:00
CN,2027-07-15,Asia/Shanghai,1,2027-07-15T09:30:00+08:00,2027-07-15T15:00:00+08:00,2027-07-15T01:30:00+00:00,2027-07-15T07:00:00+00:00,1,,pandas_market_calendars:SSE,2026-03-04T05:31:06+00:00
CN,2027-07-16,Asia/Shanghai,1,2027-07-16T09:30:00+08:00,2027-07-16T15:00:00+08:00,2027-07-16T01:30:00+00:00,2027-07-16T07:00:00+00:00,1,,pandas_market_calendars:SSE,2026-03-04T05:31:06+00:00
CN,2027-07-19,Asia/Shanghai,1,2027-07-19T09:30:00+08:00,2027-07-19T15:00:00+08:00,2027-07-19T01:30:00+00:00,2027-07-19T07:00:00+00:00,1,,pandas_market_calendars:SSE,2026-03-04T05:31:06+00:00
CN,2027-07-20,Asia/Shanghai,1,2027-07-20T09:30:00+08:00,2027-07-20T15:00:00+08:00,2027-07-20T01:30:00+00:00,2027-07-20T07:00:00+00:00,1,,pandas_market_calendars:SSE,2026-03-04T05:31:06+00:00
CN,2027-07-21,Asia/Shanghai,1,2027-07-21T09:30:00+08:00,2027-07-21T15:00:00+08:00,2027-07-21T01:30:00+00:00,2027-07-21T07:00:00+00:00,1,,pandas_market_calendars:SSE,2026-03-04T05:31:06+00:00
CN,2027-07-22,Asia/Shanghai,1,2027-07-22T09:30:00+08:00,2027-07-22T15:00:00+08:00,2027-07-22T01:30:00+00:00,2027-07-22T07:00:00+00:00,1,,pandas_market_calendars:SSE,2026-03-04T05:31:06+00:00
CN,2027-07-23,Asia/Shanghai,1,2027-07-23T09:30:00+08:00,2027-07-23T15:00:00+08:00,2027-07-23T01:30:00+00:00,2027-07-23T07:00:00+00:00,1,,pandas_market_calendars:SSE,2026-03-04T05:31:06+00:00
CN,2027-07-26,Asia/Shanghai,1,2027-07-26T09:30:00+08:00,2027-07-26T15:00:00+08:00,2027-07-26T01:30:00+00:00,2027-07-26T07:00:00+00:00,1,,pandas_market_calendars:SSE,2026-03-04T05:31:06+00:00
CN,2027-07-27,Asia/Shanghai,1,2027-07-27T09:30:00+08:00,2027-07-27T15:00:00+08:00,2027-07-27T01:30:00+00:00,2027-07-27T07:00:00+00:00,1,,pandas_market_calendars:SSE,2026-03-04T05:31:06+00:00
CN,2027-07-28,Asia/Shanghai,1,2027-07-28T09:30:00+08:00,2027-07-28T15:00:00+08:00,2027-07-28T01:30:00+00:00,2027-07-28T07:00:00+00:00,1,,pandas_market_calendars:SSE,2026-03-04T05:31:06+00:00
CN,2027-07-29,Asia/Shanghai,1,2027-07-29T09:30:00+08:00,2027-07-29T15:00:00+08:00,2027-07-29T01:30:00+00:00,2027-07-29T07:00:00+00:00,1,,pandas_market_calendars:SSE,2026-03-04T05:31:06+00:00
CN,2027-07-30,Asia/Shanghai,1,2027-07-30T09:30:00+08:00,2027-07-30T15:00:00+08:00,2027-07-30T01:30:00+00:00,2027-07-30T07:00:00+00:00,1,,pandas_market_calendars:SSE,2026-03-04T05:31:06+00:00
CN,2027-08-02,Asia/Shanghai,1,2027-08-02T09:30:00+08:00,2027-08-02T15:00:00+08:00,2027-08-02T01:30:00+00:00,2027-08-02T07:00:00+00:00,1,,pandas_market_calendars:SSE,2026-03-04T05:31:06+00:00
CN,2027-08-03,Asia/Shanghai,1,2027-08-03T09:30:00+08:00,2027-08-03T15:00:00+08:00,2027-08-03T01:30:00+00:00,2027-08-03T07:00:00+00:00,1,,pandas_market_calendars:SSE,2026-03-04T05:31:06+00:00
CN,2027-08-04,Asia/Shanghai,1,2027-08-04T09:30:00+08:00,2027-08-04T15:00:00+08:00,2027-08-04T01:30:00+00:00,2027-08-04T07:00:00+00:00,1,,pandas_market_calendars:SSE,2026-03-04T05:31:06+00:00
CN,2027-08-05,Asia/Shanghai,1,2027-08-05T09:30:00+08:00,2027-08-05T15:00:00+08:00,2027-08-05T01:30:00+00:00,2027-08-05T07:00:00+00:00,1,,pandas_market_calendars:SSE,2026-03-04T05:31:06+00:00
CN,2027-08-06,Asia/Shanghai,1,2027-08-06T09:30:00+08:00,2027-08-06T15:00:00+08:00,2027-08-06T01:30:00+00:00,2027-08-06T07:00:00+00:00,1,,pandas_market_calendars:SSE,2026-03-04T05:31:06+00:00
CN,2027-08-09,Asia/Shanghai,1,2027-08-09T09:30:00+08:00,2027-08-09T15:00:00+08:00,2027-08-09T01:30:00+00:00,2027-08-09T07:00:00+00:00,1,,pandas_market_calendars:SSE,2026-03-04T05:31:06+00:00
CN,2027-08-10,Asia/Shanghai,1,2027-08-10T09:30:00+08:00,2027-08-10T15:00:00+08:00,2027-08-10T01:30:00+00:00,2027-08-10T07:00:00+00:00,1,,pandas_market_calendars:SSE,2026-03-04T05:31:06+00:00
CN,2027-08-11,Asia/Shanghai,1,2027-08-11T09:30:00+08:00,2027-08-11T15:00:00+08:00,2027-08-11T01:30:00+00:00,2027-08-11T07:00:00+00:00,1,,pandas_market_calendars:SSE,2026-03-04T05:31:06+00:00
CN,2027-08-12,Asia/Shanghai,1,2027-08-12T09:30:00+08:00,2027-08-12T15:00:00+08:00,2027-08-12T01:30:00+00:00,2027-08-12T07:00:00+00:00,1,,pandas_market_calendars:SSE,2026-03-04T05:31:06+00:00
CN,2027-08-13,Asia/Shanghai,1,2027-08-13T09:30:00+08:00,2027-08-13T15:00:00+08:00,2027-08-13T01:30:00+00:00,2027-08-13T07:00:00+00:00,1,,pandas_market_calendars:SSE,2026-03-04T05:31:06+00:00
CN,2027-08-16,Asia/Shanghai,1,2027-08-16T09:30:00+08:00,2027-08-16T15:00:00+08:00,2027-08-16T01:30:00+00:00,2027-08-16T07:00:00+00:00,1,,pandas_market_calendars:SSE,2026-03-04T05:31:06+00:00
CN,2027-08-17,Asia/Shanghai,1,2027-08-17T09:30:00+08:00,2027-08-17T15:00:00+08:00,2027-08-17T01:30:00+00:00,2027-08-17T07:00:00+00:00,1,,pandas_market_calendars:SSE,2026-03-04T05:31:06+00:00
CN,2027-08-18,Asia/Shanghai,1,2027-08-18T09:30:00+08:00,2027-08-18T15:00:00+08:00,2027-08-18T01:30:00+00:00,2027-08-18T07:00:00+00:00,1,,pandas_market_calendars:SSE,2026-03-04T05:31:06+00:00
CN,2027-08-19,Asia/Shanghai,1,2027-08-19T09:30:00+08:00,2027-08-19T15:00:00+08:00,2027-08-19T01:30:00+00:00,2027-08-19T07:00:00+00:00,1,,pandas_market_calendars:SSE,2026-03-04T05:31:06+00:00
CN,2027-08-20,Asia/Shanghai,1,2027-08-20T09:30:00+08:00,2027-08-20T15:00:00+08:00,2027-08-20T01:30:00+00:00,2027-08-20T07:00:00+00:00,1,,pandas_market_calendars:SSE,2026-03-04T05:31:06+00:00
CN,2027-08-23,Asia/Shanghai,1,2027-08-23T09:30:00+08:00,2027-08-23T15:00:00+08:00,2027-08-23T01:30:00+00:00,2027-08-23T07:00:00+00:00,1,,pandas_market_calendars:SSE,2026-03-04T05:31:06+00:00
CN,2027-08-24,Asia/Shanghai,1,2027-08-24T09:30:00+08:00,2027-08-24T15:00:00+08:00,2027-08-24T01:30:00+00:00,2027-08-24T07:00:00+00:00,1,,pandas_market_calendars:SSE,2026-03-04T05:31:06+00:00
CN,2027-08-25,Asia/Shanghai,1,2027-08-25T09:30:00+08:00,2027-08-25T15:00:00+08:00,2027-08-25T01:30:00+00:00,2027-08-25T07:00:00+00:00,1,,pandas_market_calendars:SSE,2026-03-04T05:31:06+00:00
CN,2027-08-26,Asia/Shanghai,1,2027-08-26T09:30:00+08:00,2027-08-26T15:00:00+08:00,2027-08-26T01:30:00+00:00,2027-08-26T07:00:00+00:00,1,,pandas_market_calendars:SSE,2026-03-04T05:31:06+00:00
CN,2027-08-27,Asia/Shanghai,1,2027-08-27T09:30:00+08:00,2027-08-27T15:00:00+08:00,2027-08-27T01:30:00+00:00,2027-08-27T07:00:00+00:00,1,,pandas_market_calendars:SSE,2026-03-04T05:31:06+00:00
CN,2027-08-30,Asia/Shanghai,1,2027-08-30T09:30:00+08:00,2027-08-30T15:00:00+08:00,2027-08-30T01:30:00+00:00,2027-08-30T07:00:00+00:00,1,,pandas_market_calendars:SSE,2026-03-04T05:31:06+00:00
CN,2027-08-31,Asia/Shanghai,1,2027-08-31T09:30:00+08:00,2027-08-31T15:00:00+08:00,2027-08-31T01:30:00+00:00,2027-08-31T07:00:00+00:00,1,,pandas_market_calendars:SSE,2026-03-04T05:31:06+00:00
CN,2027-09-01,Asia/Shanghai,1,2027-09-01T09:30:00+08:00,2027-09-01T15:00:00+08:00,2027-09-01T01:30:00+00:00,2027-09-01T07:00:00+00:00,1,,pandas_market_calendars:SSE,2026-03-04T05:31:06+00:00
CN,2027-09-02,Asia/Shanghai,1,2027-09-02T09:30:00+08:00,2027-09-02T15:00:00+08:00,2027-09-02T01:30:00+00:00,2027-09-02T07:00:00+00:00,1,,pandas_market_calendars:SSE,2026-03-04T05:31:06+00:00
CN,2027-09-03,Asia/Shanghai,1,2027-09-03T09:30:00+08:00,2027-09-03T15:00:00+08:00,2027-09-03T01:30:00+00:00,2027-09-03T07:00:00+00:00,1,,pandas_market_calendars:SSE,2026-03-04T05:31:06+00:00
CN,2027-09-06,Asia/Shanghai,1,2027-09-06T09:30:00+08:00,2027-09-06T15:00:00+08:00,2027-09-06T01:30:00+00:00,2027-09-06T07:00:00+00:00,1,,pandas_market_calendars:SSE,2026-03-04T05:31:06+00:00
CN,2027-09-07,Asia/Shanghai,1,2027-09-07T09:30:00+08:00,2027-09-07T15:00:00+08:00,2027-09-07T01:30:00+00:00,2027-09-07T07:00:00+00:00,1,,pandas_market_calendars:SSE,2026-03-04T05:31:06+00:00
CN,2027-09-08,Asia/Shanghai,1,2027-09-08T09:30:00+08:00,2027-09-08T15:00:00+08:00,2027-09-08T01:30:00+00:00,2027-09-08T07:00:00+00:00,1,,pandas_market_calendars:SSE,2026-03-04T05:31:06+00:00
CN,2027-09-09,Asia/Shanghai,1,2027-09-09T09:30:00+08:00,2027-09-09T15:00:00+08:00,2027-09-09T01:30:00+00:00,2027-09-09T07:00:00+00:00,1,,pandas_market_calendars:SSE,2026-03-04T05:31:06+00:00
CN,2027-09-10,Asia/Shanghai,1,2027-09-10T09:30:00+08:00,2027-09-10T15:00:00+08:00,2027-09-10T01:30:00+00:00,2027-09-10T07:00:00+00:00,1,,pandas_market_calendars:SSE,2026-03-04T05:31:06+00:00
CN,2027-09-13,Asia/Shanghai,1,2027-09-13T09:30:00+08:00,2027-09-13T15:00:00+08:00,2027-09-13T01:30:00+00:00,2027-09-13T07:00:00+00:00,1,,pandas_market_calendars:SSE,2026-03-04T05:31:06+00:00
CN,2027-09-14,Asia/Shanghai,1,2027-09-14T09:30:00+08:00,2027-09-14T15:00:00+08:00,2027-09-14T01:30:00+00:00,2027-09-14T07:00:00+00:00,1,,pandas_market_calendars:SSE,2026-03-04T05:31:06+00:00
CN,2027-09-16,Asia/Shanghai,1,2027-09-16T09:30:00+08:00,2027-09-16T15:00:00+08:00,2027-09-16T01:30:00+00:00,2027-09-16T07:00:00+00:00,1,,pandas_market_calendars:SSE,2026-03-04T05:31:06+00:00
CN,2027-09-17,Asia/Shanghai,1,2027-09-17T09:30:00+08:00,2027-09-17T15:00:00+08:00,2027-09-17T01:30:00+00:00,2027-09-17T07:00:00+00:00,1,,pandas_market_calendars:SSE,2026-03-04T05:31:06+00:00
CN,2027-09-20,Asia/Shanghai,1,2027-09-20T09:30:00+08:00,2027-09-20T15:00:00+08:00,2027-09-20T01:30:00+00:00,2027-09-20T07:00:00+00:00,1,,pandas_market_calendars:SSE,2026-03-04T05:31:06+00:00
CN,2027-09-21,Asia/Shanghai,1,2027-09-21T09:30:00+08:00,2027-09-21T15:00:00+08:00,2027-09-21T01:30:00+00:00,2027-09-21T07:00:00+00:00,1,,pandas_market_calendars:SSE,2026-03-04T05:31:06+00:00
CN,2027-09-22,Asia/Shanghai,1,2027-09-22T09:30:00+08:00,2027-09-22T15:00:00+08:00,2027-09-22T01:30:00+00:00,2027-09-22T07:00:00+00:00,1,,pandas_market_calendars:SSE,2026-03-04T05:31:06+00:00
CN,2027-09-23,Asia/Shanghai,1,2027-09-23T09:30:00+08:00,2027-09-23T15:00:00+08:00,2027-09-23T01:30:00+00:00,2027-09-23T07:00:00+00:00,1,,pandas_market_calendars:SSE,2026-03-04T05:31:06+00:00
CN,2027-09-24,Asia/Shanghai,1,2027-09-24T09:30:00+08:00,2027-09-24T15:00:00+08:00,2027-09-24T01:30:00+00:00,2027-09-24T07:00:00+00:00,1,,pandas_market_calendars:SSE,2026-03-04T05:31:06+00:00
CN,2027-09-27,Asia/Shanghai,1,2027-09-27T09:30:00+08:00,2027-09-27T15:00:00+08:00,2027-09-27T01:30:00+00:00,2027-09-27T07:00:00+00:00,1,,pandas_market_calendars:SSE,2026-03-04T05:31:06+00:00
CN,2027-09-28,Asia/Shanghai,1,2027-09-28T09:30:00+08:00,2027-09-28T15:00:00+08:00,2027-09-28T01:30:00+00:00,2027-09-28T07:00:00+00:00,1,,pandas_market_calendars:SSE,2026-03-04T05:31:06+00:00
CN,2027-09-29,Asia/Shanghai,1,2027-09-29T09:30:00+08:00,2027-09-29T15:00:00+08:00,2027-09-29T01:30:00+00:00,2027-09-29T07:00:00+00:00,1,,pandas_market_calendars:SSE,2026-03-04T05:31:06+00:00
CN,2027-09-30,Asia/Shanghai,1,2027-09-30T09:30:00+08:00,2027-09-30T15:00:00+08:00,2027-09-30T01:30:00+00:00,2027-09-30T07:00:00+00:00,1,,pandas_market_calendars:SSE,2026-03-04T05:31:06+00:00
CN,2027-10-08,Asia/Shanghai,1,2027-10-08T09:30:00+08:00,2027-10-08T15:00:00+08:00,2027-10-08T01:30:00+00:00,2027-10-08T07:00:00+00:00,1,,pandas_market_calendars:SSE,2026-03-04T05:31:06+00:00
CN,2027-10-11,Asia/Shanghai,1,2027-10-11T09:30:00+08:00,2027-10-11T15:00:00+08:00,2027-10-11T01:30:00+00:00,2027-10-11T07:00:00+00:00,1,,pandas_market_calendars:SSE,2026-03-04T05:31:06+00:00
CN,2027-10-12,Asia/Shanghai,1,2027-10-12T09:30:00+08:00,2027-10-12T15:00:00+08:00,2027-10-12T01:30:00+00:00,2027-10-12T07:00:00+00:00,1,,pandas_market_calendars:SSE,2026-03-04T05:31:06+00:00
CN,2027-10-13,Asia/Shanghai,1,2027-10-13T09:30:00+08:00,2027-10-13T15:00:00+08:00,2027-10-13T01:30:00+00:00,2027-10-13T07:00:00+00:00,1,,pandas_market_calendars:SSE,2026-03-04T05:31:06+00:00
CN,2027-10-14,Asia/Shanghai,1,2027-10-14T09:30:00+08:00,2027-10-14T15:00:00+08:00,2027-10-14T01:30:00+00:00,2027-10-14T07:00:00+00:00,1,,pandas_market_calendars:SSE,2026-03-04T05:31:06+00:00
CN,2027-10-15,Asia/Shanghai,1,2027-10-15T09:30:00+08:00,2027-10-15T15:00:00+08:00,2027-10-15T01:30:00+00:00,2027-10-15T07:00:00+00:00,1,,pandas_market_calendars:SSE,2026-03-04T05:31:06+00:00
CN,2027-10-18,Asia/Shanghai,1,2027-10-18T09:30:00+08:00,2027-10-18T15:00:00+08:00,2027-10-18T01:30:00+00:00,2027-10-18T07:00:00+00:00,1,,pandas_market_calendars:SSE,2026-03-04T05:31:06+00:00
CN,2027-10-19,Asia/Shanghai,1,2027-10-19T09:30:00+08:00,2027-10-19T15:00:00+08:00,2027-10-19T01:30:00+00:00,2027-10-19T07:00:00+00:00,1,,pandas_market_calendars:SSE,2026-03-04T05:31:06+00:00
CN,2027-10-20,Asia/Shanghai,1,2027-10-20T09:30:00+08:00,2027-10-20T15:00:00+08:00,2027-10-20T01:30:00+00:00,2027-10-20T07:00:00+00:00,1,,pandas_market_calendars:SSE,2026-03-04T05:31:06+00:00
CN,2027-10-21,Asia/Shanghai,1,2027-10-21T09:30:00+08:00,2027-10-21T15:00:00+08:00,2027-10-21T01:30:00+00:00,2027-10-21T07:00:00+00:00,1,,pandas_market_calendars:SSE,2026-03-04T05:31:06+00:00
CN,2027-10-22,Asia/Shanghai,1,2027-10-22T09:30:00+08:00,2027-10-22T15:00:00+08:00,2027-10-22T01:30:00+00:00,2027-10-22T07:00:00+00:00,1,,pandas_market_calendars:SSE,2026-03-04T05:31:06+00:00
CN,2027-10-25,Asia/Shanghai,1,2027-10-25T09:30:00+08:00,2027-10-25T15:00:00+08:00,2027-10-25T01:30:00+00:00,2027-10-25T07:00:00+00:00,1,,pandas_market_calendars:SSE,2026-03-04T05:31:06+00:00
CN,2027-10-26,Asia/Shanghai,1,2027-10-26T09:30:00+08:00,2027-10-26T15:00:00+08:00,2027-10-26T01:30:00+00:00,2027-10-26T07:00:00+00:00,1,,pandas_market_calendars:SSE,2026-03-04T05:31:06+00:00
CN,2027-10-27,Asia/Shanghai,1,2027-10-27T09:30:00+08:00,2027-10-27T15:00:00+08:00,2027-10-27T01:30:00+00:00,2027-10-27T07:00:00+00:00,1,,pandas_market_calendars:SSE,2026-03-04T05:31:06+00:00
CN,2027-10-28,Asia/Shanghai,1,2027-10-28T09:30:00+08:00,2027-10-28T15:00:00+08:00,2027-10-28T01:30:00+00:00,2027-10-28T07:00:00+00:00,1,,pandas_market_calendars:SSE,2026-03-04T05:31:06+00:00
CN,2027-10-29,Asia/Shanghai,1,2027-10-29T09:30:00+08:00,2027-10-29T15:00:00+08:00,2027-10-29T01:30:00+00:00,2027-10-29T07:00:00+00:00,1,,pandas_market_calendars:SSE,2026-03-04T05:31:06+00:00
CN,2027-11-01,Asia/Shanghai,1,2027-11-01T09:30:00+08:00,2027-11-01T15:00:00+08:00,2027-11-01T01:30:00+00:00,2027-11-01T07:00:00+00:00,1,,pandas_market_calendars:SSE,2026-03-04T05:31:06+00:00
CN,2027-11-02,Asia/Shanghai,1,2027-11-02T09:30:00+08:00,2027-11-02T15:00:00+08:00,2027-11-02T01:30:00+00:00,2027-11-02T07:00:00+00:00,1,,pandas_market_calendars:SSE,2026-03-04T05:31:06+00:00
CN,2027-11-03,Asia/Shanghai,1,2027-11-03T09:30:00+08:00,2027-11-03T15:00:00+08:00,2027-11-03T01:30:00+00:00,2027-11-03T07:00:00+00:00,1,,pandas_market_calendars:SSE,2026-03-04T05:31:06+00:00
CN,2027-11-04,Asia/Shanghai,1,2027-11-04T09:30:00+08:00,2027-11-04T15:00:00+08:00,2027-11-04T01:30:00+00:00,2027-11-04T07:00:00+00:00,1,,pandas_market_calendars:SSE,2026-03-04T05:31:06+00:00
CN,2027-11-05,Asia/Shanghai,1,2027-11-05T09:30:00+08:00,2027-11-05T15:00:00+08:00,2027-11-05T01:30:00+00:00,2027-11-05T07:00:00+00:00,1,,pandas_market_calendars:SSE,2026-03-04T05:31:06+00:00
CN,2027-11-08,Asia/Shanghai,1,2027-11-08T09:30:00+08:00,2027-11-08T15:00:00+08:00,2027-11-08T01:30:00+00:00,2027-11-08T07:00:00+00:00,1,,pandas_market_calendars:SSE,2026-03-04T05:31:06+00:00
CN,2027-11-09,Asia/Shanghai,1,2027-11-09T09:30:00+08:00,2027-11-09T15:00:00+08:00,2027-11-09T01:30:00+00:00,2027-11-09T07:00:00+00:00,1,,pandas_market_calendars:SSE,2026-03-04T05:31:06+00:00
CN,2027-11-10,Asia/Shanghai,1,2027-11-10T09:30:00+08:00,2027-11-10T15:00:00+08:00,2027-11-10T01:30:00+00:00,2027-11-10T07:00:00+00:00,1,,pandas_market_calendars:SSE,2026-03-04T05:31:06+00:00
CN,2027-11-11,Asia/Shanghai,1,2027-11-11T09:30:00+08:00,2027-11-11T15:00:00+08:00,2027-11-11T01:30:00+00:00,2027-11-11T07:00:00+00:00,1,,pandas_market_calendars:SSE,2026-03-04T05:31:06+00:00
CN,2027-11-12,Asia/Shanghai,1,2027-11-12T09:30:00+08:00,2027-11-12T15:00:00+08:00,2027-11-12T01:30:00+00:00,2027-11-12T07:00:00+00:00,1,,pandas_market_calendars:SSE,2026-03-04T05:31:06+00:00
CN,2027-11-15,Asia/Shanghai,1,2027-11-15T09:30:00+08:00,2027-11-15T15:00:00+08:00,2027-11-15T01:30:00+00:00,2027-11-15T07:00:00+00:00,1,,pandas_market_calendars:SSE,2026-03-04T05:31:06+00:00
CN,2027-11-16,Asia/Shanghai,1,2027-11-16T09:30:00+08:00,2027-11-16T15:00:00+08:00,2027-11-16T01:30:00+00:00,2027-11-16T07:00:00+00:00,1,,pandas_market_calendars:SSE,2026-03-04T05:31:06+00:00
CN,2027-11-17,Asia/Shanghai,1,2027-11-17T09:30:00+08:00,2027-11-17T15:00:00+08:00,2027-11-17T01:30:00+00:00,2027-11-17T07:00:00+00:00,1,,pandas_market_calendars:SSE,2026-03-04T05:31:06+00:00
CN,2027-11-18,Asia/Shanghai,1,2027-11-18T09:30:00+08:00,2027-11-18T15:00:00+08:00,2027-11-18T01:30:00+00:00,2027-11-18T07:00:00+00:00,1,,pandas_market_calendars:SSE,2026-03-04T05:31:06+00:00
CN,2027-11-19,Asia/Shanghai,1,2027-11-19T09:30:00+08:00,2027-11-19T15:00:00+08:00,2027-11-19T01:30:00+00:00,2027-11-19T07:00:00+00:00,1,,pandas_market_calendars:SSE,2026-03-04T05:31:06+00:00
CN,2027-11-22,Asia/Shanghai,1,2027-11-22T09:30:00+08:00,2027-11-22T15:00:00+08:00,2027-11-22T01:30:00+00:00,2027-11-22T07:00:00+00:00,1,,pandas_market_calendars:SSE,2026-03-04T05:31:06+00:00
CN,2027-11-23,Asia/Shanghai,1,2027-11-23T09:30:00+08:00,2027-11-23T15:00:00+08:00,2027-11-23T01:30:00+00:00,2027-11-23T07:00:00+00:00,1,,pandas_market_calendars:SSE,2026-03-04T05:31:06+00:00
CN,2027-11-24,Asia/Shanghai,1,2027-11-24T09:30:00+08:00,2027-11-24T15:00:00+08:00,2027-11-24T01:30:00+00:00,2027-11-24T07:00:00+00:00,1,,pandas_market_calendars:SSE,2026-03-04T05:31:06+00:00
CN,2027-11-25,Asia/Shanghai,1,2027-11-25T09:30:00+08:00,2027-11-25T15:00:00+08:00,2027-11-25T01:30:00+00:00,2027-11-25T07:00:00+00:00,1,,pandas_market_calendars:SSE,2026-03-04T05:31:06+00:00
CN,2027-11-26,Asia/Shanghai,1,2027-11-26T09:30:00+08:00,2027-11-26T15:00:00+08:00,2027-11-26T01:30:00+00:00,2027-11-26T07:00:00+00:00,1,,pandas_market_calendars:SSE,2026-03-04T05:31:06+00:00
CN,2027-11-29,Asia/Shanghai,1,2027-11-29T09:30:00+08:00,2027-11-29T15:00:00+08:00,2027-11-29T01:30:00+00:00,2027-11-29T07:00:00+00:00,1,,pandas_market_calendars:SSE,2026-03-04T05:31:06+00:00
CN,2027-11-30,Asia/Shanghai,1,2027-11-30T09:30:00+08:00,2027-11-30T15:00:00+08:00,2027-11-30T01:30:00+00:00,2027-11-30T07:00:00+00:00,1,,pandas_market_calendars:SSE,2026-03-04T05:31:06+00:00
CN,2027-12-01,Asia/Shanghai,1,2027-12-01T09:30:00+08:00,2027-12-01T15:00:00+08:00,2027-12-01T01:30:00+00:00,2027-12-01T07:00:00+00:00,1,,pandas_market_calendars:SSE,2026-03-04T05:31:06+00:00
CN,2027-12-02,Asia/Shanghai,1,2027-12-02T09:30:00+08:00,2027-12-02T15:00:00+08:00,2027-12-02T01:30:00+00:00,2027-12-02T07:00:00+00:00,1,,pandas_market_calendars:SSE,2026-03-04T05:31:06+00:00
CN,2027-12-03,Asia/Shanghai,1,2027-12-03T09:30:00+08:00,2027-12-03T15:00:00+08:00,2027-12-03T01:30:00+00:00,2027-12-03T07:00:00+00:00,1,,pandas_market_calendars:SSE,2026-03-04T05:31:06+00:00
CN,2027-12-06,Asia/Shanghai,1,2027-12-06T09:30:00+08:00,2027-12-06T15:00:00+08:00,2027-12-06T01:30:00+00:00,2027-12-06T07:00:00+00:00,1,,pandas_market_calendars:SSE,2026-03-04T05:31:06+00:00
CN,2027-12-07,Asia/Shanghai,1,2027-12-07T09:30:00+08:00,2027-12-07T15:00:00+08:00,2027-12-07T01:30:00+00:00,2027-12-07T07:00:00+00:00,1,,pandas_market_calendars:SSE,2026-03-04T05:31:06+00:00
CN,2027-12-08,Asia/Shanghai,1,2027-12-08T09:30:00+08:00,2027-12-08T15:00:00+08:00,2027-12-08T01:30:00+00:00,2027-12-08T07:00:00+00:00,1,,pandas_market_calendars:SSE,2026-03-04T05:31:06+00:00
CN,2027-12-09,Asia/Shanghai,1,2027-12-09T09:30:00+08:00,2027-12-09T15:00:00+08:00,2027-12-09T01:30:00+00:00,2027-12-09T07:00:00+00:00,1,,pandas_market_calendars:SSE,2026-03-04T05:31:06+00:00
CN,2027-12-10,Asia/Shanghai,1,2027-12-10T09:30:00+08:00,2027-12-10T15:00:00+08:00,2027-12-10T01:30:00+00:00,2027-12-10T07:00:00+00:00,1,,pandas_market_calendars:SSE,2026-03-04T05:31:06+00:00
CN,2027-12-13,Asia/Shanghai,1,2027-12-13T09:30:00+08:00,2027-12-13T15:00:00+08:00,2027-12-13T01:30:00+00:00,2027-12-13T07:00:00+00:00,1,,pandas_market_calendars:SSE,2026-03-04T05:31:06+00:00
CN,2027-12-14,Asia/Shanghai,1,2027-12-14T09:30:00+08:00,2027-12-14T15:00:00+08:00,2027-12-14T01:30:00+00:00,2027-12-14T07:00:00+00:00,1,,pandas_market_calendars:SSE,2026-03-04T05:31:06+00:00
CN,2027-12-15,Asia/Shanghai,1,2027-12-15T09:30:00+08:00,2027-12-15T15:00:00+08:00,2027-12-15T01:30:00+00:00,2027-12-15T07:00:00+00:00,1,,pandas_market_calendars:SSE,2026-03-04T05:31:06+00:00
CN,2027-12-16,Asia/Shanghai,1,2027-12-16T09:30:00+08:00,2027-12-16T15:00:00+08:00,2027-12-16T01:30:00+00:00,2027-12-16T07:00:00+00:00,1,,pandas_market_calendars:SSE,2026-03-04T05:31:06+00:00
CN,2027-12-17,Asia/Shanghai,1,2027-12-17T09:30:00+08:00,2027-12-17T15:00:00+08:00,2027-12-17T01:30:00+00:00,2027-12-17T07:00:00+00:00,1,,pandas_market_calendars:SSE,2026-03-04T05:31:06+00:00
CN,2027-12-20,Asia/Shanghai,1,2027-12-20T09:30:00+08:00,2027-12-20T15:00:00+08:00,2027-12-20T01:30:00+00:00,2027-12-20T07:00:00+00:00,1,,pandas_market_calendars:SSE,2026-03-04T05:31:06+00:00
CN,2027-12-21,Asia/Shanghai,1,2027-12-21T09:30:00+08:00,2027-12-21T15:00:00+08:00,2027-12-21T01:30:00+00:00,2027-12-21T07:00:00+00:00,1,,pandas_market_calendars:SSE,2026-03-04T05:31:06+00:00
CN,2027-12-22,Asia/Shanghai,1,2027-12-22T09:30:00+08:00,2027-12-22T15:00:00+08:00,2027-12-22T01:30:00+00:00,2027-12-22T07:00:00+00:00,1,,pandas_market_calendars:SSE,2026-03-04T05:31:06+00:00
CN,2027-12-23,Asia/Shanghai,1,2027-12-23T09:30:00+08:00,2027-12-23T15:00:00+08:00,2027-12-23T01:30:00+00:00,2027-12-23T07:00:00+00:00,1,,pandas_market_calendars:SSE,2026-03-04T05:31:06+00:00
CN,2027-12-24,Asia/Shanghai,1,2027-12-24T09:30:00+08:00,2027-12-24T15:00:00+08:00,2027-12-24T01:30:00+00:00,2027-12-24T07:00:00+00:00,1,,pandas_market_calendars:SSE,2026-03-04T05:31:06+00:00
CN,2027-12-27,Asia/Shanghai,1,2027-12-27T09:30:00+08:00,2027-12-27T15:00:00+08:00,2027-12-27T01:30:00+00:00,2027-12-27T07:00:00+00:00,1,,pandas_market_calendars:SSE,2026-03-04T05:31:06+00:00
CN,2027-12-28,Asia/Shanghai,1,2027-12-28T09:30:00+08:00,2027-12-28T15:00:00+08:00,2027-12-28T01:30:00+00:00,2027-12-28T07:00:00+00:00,1,,pandas_market_calendars:SSE,2026-03-04T05:31:06+00:00
CN,2027-12-29,Asia/Shanghai,1,2027-12-29T09:30:00+08:00,2027-12-29T15:00:00+08:00,2027-12-29T01:30:00+00:00,2027-12-29T07:00:00+00:00,1,,pandas_market_calendars:SSE,2026-03-04T05:31:06+00:00
CN,2027-12-30,Asia/Shanghai,1,2027-12-30T09:30:00+08:00,2027-12-30T15:00:00+08:00,2027-12-30T01:30:00+00:00,2027-12-30T07:00:00+00:00,1,,pandas_market_calendars:SSE,2026-03-04T05:31:06+00:00
CN,2027-12-31,Asia/Shanghai,1,2027-12-31T09:30:00+08:00,2027-12-31T15:00:00+08:00,2027-12-31T01:30:00+00:00,2027-12-31T07:00:00+00:00,1,,pandas_market_calendars:SSE,2026-03-04T05:31:06+00:00
